{"current":{"color_body_bg":"#ffffff","color_headings":"#321863","color_body_text":"#565656","color_borders":"#5dd2b4","color_button_text":"#ffffff","color_primary":"#7737BD","color_secondary":"#058677","color_product_background":"rgba(0,0,0,0)","color_sale_tag":"#e80970","color_input":"#f6f6f6","color_newsletter":"#cebdf2","color_drawer_background":"#360f5f","color_drawer_text":"#ffffff","color_drawer_border":"#50297a","color_drawer_button":"#7737BD","color_drawer_button_text":"#ffffff","type_header_family":"chivo_n4","type_header_base_size":"38px","type_header_border_thickness":"1px","type_accent_family":"roboto_n7","type_accent_transform":true,"type_accent_spacing":true,"type_accent_subheadings":false,"type_base_family":"quattrocento_n4","type_base_size":"17px","type_base_italize_titles":false,"cart_type":"drawer","cart_notes_enable":true,"social_facebook_link":"","social_twitter_link":"","social_pinterest_link":"","social_instagram_link":"","social_snapchat_link":"","social_google_plus_link":"","social_tumblr_link":"","social_youtube_link":"","social_vimeo_link":"","social_fancy_link":"","share_facebook":true,"share_twitter":true,"share_pinterest":true,"favicon":"shopify:\/\/shop_images\/PngItem_5131216.png","checkout_header_image":"","checkout_logo_image":"","checkout_logo_position":"left","checkout_logo_size":"small","checkout_body_background_image":"","checkout_body_background_color":"#ffffff","checkout_input_background_color_mode":"white","checkout_sidebar_background_image":"","checkout_sidebar_background_color":"#fff4f6","checkout_heading_font":"Helvetica Neue","checkout_body_font":"Roboto","checkout_accent_color":"#7737BD","checkout_button_color":"#7737BD","checkout_error_color":"#f01130","checkout_banner_background_color":"#fff","checkout_call_to_action_color":"#a26b25","checkout_use_header_image":false,"collection_products_grid":"collage","customer_layout":"customer_area","favicon_enable":false,"product_vendor_enable":false,"social_sharing_style":"clean","sections":{"slideshow":{"type":"slideshow","blocks":{"244e7044-561f-4f0f-b549-4ff27f64a433":{"type":"slide","settings":{"image":"shopify:\/\/shop_images\/sadasdsa12.jpg","image_position":"center center","image_overlay":true,"image_overlay_opacity":25,"text_alignment":"center","slide_heading":"","slide_subheading":"Decorează-ți casa așa cum ți-ai dorit!","button_label":"descoperă","button_link":"shopify:\/\/collections\/set-perdele-bucatarie","slide_text_color":"#ffffff","slide_button_label_color":"#ffffff","slide_button_background_color":"#881e92"}},"7217d9ff-e06c-4fbb-adc9-9cdc48fc1d62":{"type":"slide","settings":{"image":"shopify:\/\/shop_images\/sadadsa.jpg","image_position":"center center","image_overlay":true,"image_overlay_opacity":25,"text_alignment":"center","slide_heading":"","slide_subheading":"Lenjerie pentru pat","button_label":"vezi colecția","button_link":"shopify:\/\/collections\/lenjerii","slide_text_color":"#ffffff","slide_button_label_color":"#ffffff","slide_button_background_color":"#7737bd"}},"15e3f671-ef33-4f26-b1ef-c7b14446491f":{"type":"slide","settings":{"image":"shopify:\/\/shop_images\/shutterstock_793058929.jpg","image_position":"center center","image_overlay":true,"image_overlay_opacity":25,"text_alignment":"center","slide_heading":"","slide_subheading":"Materiale Premium","button_label":"Draperii","button_link":"shopify:\/\/collections\/draperii","slide_text_color":"#ffffff","slide_button_label_color":"#ffffff","slide_button_background_color":"#7737bd"}}},"block_order":["244e7044-561f-4f0f-b549-4ff27f64a433","7217d9ff-e06c-4fbb-adc9-9cdc48fc1d62","15e3f671-ef33-4f26-b1ef-c7b14446491f"],"settings":{"home_hero_height":"adapt","hero_home_auto":false,"home_hero_auto_speed":9}},"featured-products":{"type":"featured-products","settings":{"title":"Featured collection","home_featured_products":"frontpage","collection_products_grid":"collage"}},"newsletter":{"type":"newsletter","settings":{"heading":"Subscribe to our newsletter","subheading":"<p>Promotions, new products and sales. Directly to your inbox.<\/p>"}},"header":{"type":"header","settings":{"logo":"shopify:\/\/shop_images\/puddd.png","logo_max_width":260,"header_color":"#7737bd","transparent_header_enable":true,"transparent_logo":"shopify:\/\/shop_images\/ssdas_1rdewd.png","transparent_header_color":"#ffffff","search":"modal","main_menu_link_list":"main-menu","drawer_bottom_link_list":"footer","drawer_search_enable":true,"show_announcement":false,"home_page_only":true,"text":"Announce something here","link":"","color_bg":"#290c49","color_text":"#ffffff"}},"footer":{"type":"footer","settings":{"show_payment_icons":true,"show_locale_selector":false,"show_currency_selector":true,"footer_link_list":"footer"}},"collection-template":{"type":"collection-template","settings":{"collection_tags_enable":false,"collection_products_grid":"grid","product_vendor_enable":false}},"product-template":{"type":"product-template","settings":{"product_vendor_enable":false,"social_sharing_products":true,"quantity_enabled":true,"product_selector":"radio","enable_payment_button":true,"add_to_cart_button_size":"large","media_layout":"thumbnails","enable_image_zoom":true,"enable_video_looping":false}},"161832391437133c59":{"type":"featured-products","settings":{"title":"Seturi perdele bucătărie","home_featured_products":"set-perdele-bucatarie","collection_products_grid":"collage"}},"1618328781878b4b92":{"type":"featured-content","settings":{"home_page_full_width":true,"section_title":"Llalunaa DESIGN","text":"<p><\/p><p><em><strong>Llalunaa<\/strong><\/em><em> <\/em>design vă oferă o gamă variată de perdele și draperii de calitate superioară, sisiteme de prindere (galerii metalice , galerii din lemn, galerii moderne, șine aluminiu, sisiteme romane) pentru a vă amenaja locuința exact așa cum vă doriți. Vă garantăm că produsele noastre sunt confecționate din materiale de calitate superioară importate din Anglia, Spania, Italia, Elveția, Polonia, Slovacia și de aceea vă oferim soluții despre amenajări interioare.<\/p>","text_size":"medium"}},"1618328979c62505ee":{"type":"featured-row","settings":{"image":"shopify:\/\/shop_images\/poza.jpg","layout":"left","title":"Atelier propriu","text":"<p><strong>Llalunaa <\/strong>deține un atelier propriu de croitorie în București, unde onorează comenzile venite din partea clienților. Amenajat și dotat corespunzător, în cadrul acestuia lucreaza o echipă de profesioniști, pasionați de croitorie, din ale căror mâini ies articole textile de calitate. În atelierul nostru realizăm perdele și draperii, huse pentru scaune, precum și prelucrrea textilelor Horeca.<\/p>","button_label":"","button_link":""}},"product-recommendations":{"type":"product-recommendations","settings":{"show_product_recommendations":true,"heading":"Alți clienți au cumpărat și:"}},"1618568125bf66e9f6":{"type":"slideshow","blocks":{"1618568125bf66e9f6-0":{"type":"slide","settings":{"image":"shopify:\/\/shop_images\/tape-measure-on-wood.jpg","image_position":"center center","image_overlay":true,"image_overlay_opacity":25,"text_alignment":"center","slide_heading":"","slide_subheading":"Cum calculez lungimea Galeriei","button_label":"Citește articolul","button_link":"shopify:\/\/pages\/cum-calculez-lungimea-galeriei","slide_text_color":"#ffffff","slide_button_label_color":"#ffffff","slide_button_background_color":"#7737bd"}},"1618568125bf66e9f6-1":{"type":"slide","settings":{"image":"shopify:\/\/shop_images\/corso-set-galerie-metalica-dubla-teava-striata-si-profil-aur-antic-19-mm.jpg","image_position":"center center","image_overlay":true,"image_overlay_opacity":25,"text_alignment":"center","slide_heading":"","slide_subheading":"Diametre țevi galerii metalice","button_label":"Citește articolul","button_link":"shopify:\/\/pages\/diametre-țevi-galerii-metalice","slide_text_color":"#ffffff","slide_button_label_color":"#ffffff","slide_button_background_color":"#7737bd"}}},"block_order":["1618568125bf66e9f6-0","1618568125bf66e9f6-1"],"settings":{"home_hero_height":"adapt","hero_home_auto":true,"home_hero_auto_speed":5}},"16185688402ce2f403":{"type":"newsletter","settings":{"heading":"Aboneaza-te la newsletter-ul nostru","subheading":"<p>Promoții, produse noi și reduceri. Direct în căsuța ta de e-mail.<\/p>"}},"163440328617d1cc44":{"type":"featured-blog","settings":{"title":"Blog","blog":"news","post_limit":1,"blog_show_date":true,"blog_show_author":false,"blog_show_image":true,"blog_show_excerpt":true,"show_view_all":false}}},"content_for_index":["slideshow","1618328781878b4b92","161832391437133c59","1618328979c62505ee","1618568125bf66e9f6","16185688402ce2f403","163440328617d1cc44"],"blocks":{"1787840288555608609":{"type":"shopify:\/\/apps\/live-product-options\/blocks\/app-embed\/88bfdf40-5e27-4962-a966-70c8d1e87757","disabled":false,"settings":{}}}},"presets":{"Classic":{"checkout_accent_color":"#a26b25","checkout_button_color":"#000000","checkout_error_color":"e32c2b","sections":{"header":{"type":"header","settings":{"show_announcement":true}},"slideshow":{"type":"slideshow","blocks":{"slideshow-0":{"type":"slide","settings":{}},"slideshow-1":{"type":"slide","settings":{}}},"block_order":["slideshow-0","slideshow-1"],"settings":{}},"featured-content":{"type":"featured-content","settings":{"section_title":"","text_size":"large"}},"featured-collections":{"type":"featured-collections","blocks":{"featured-collections-0":{"type":"collection","settings":{}},"featured-collections-1":{"type":"collection","settings":{}},"featured-collections-2":{"type":"collection","settings":{}},"featured-collections-3":{"type":"collection","settings":{}},"featured-collections-4":{"type":"collection","settings":{}}},"block_order":["featured-collections-0","featured-collections-1","featured-collections-2","featured-collections-3","featured-collections-4"],"settings":{}},"featured-products":{"type":"featured-products","settings":{"collection_products_grid":"grid"}},"featured-product":{"type":"featured-product","settings":{}},"newsletter":{"type":"newsletter","settings":{}}},"content_for_index":["slideshow","featured-content","featured-collections","featured-products","featured-product","newsletter"]},"Playful":{"color_body_bg":"#ffffff","color_body_text":"#565656","color_borders":"#5dd2b4","color_button_text":"#ffffff","color_primary":"#7737BD","color_secondary":"#058677","color_product_background":"#fff4f6","color_sale_tag":"#e80970","color_input":"#f6f6f6","color_newsletter":"#bde9f2","color_drawer_background":"#360f5f","color_drawer_text":"#ffffff","color_drawer_border":"#50297a","color_drawer_button":"#7737BD","color_drawer_button_text":"#ffffff","color_headings":"#321863","type_header_family":"quicksand_n7","type_header_base_size":"38px","type_header_border_thickness":"1px","type_accent_family":"roboto_n7","type_accent_transform":true,"type_accent_spacing":true,"type_accent_subheadings":false,"type_base_family":"helvetica_n4","type_base_size":"17px","type_base_italize_titles":false,"cart_type":"drawer","cart_notes_enable":true,"social_facebook_link":"","social_twitter_link":"","social_pinterest_link":"","social_instagram_link":"","social_snapchat_link":"","social_google_plus_link":"","social_tumblr_link":"","social_youtube_link":"","social_vimeo_link":"","social_fancy_link":"","share_facebook":true,"share_twitter":true,"share_pinterest":true,"favicon":"","checkout_header_image":"","checkout_logo_image":"","checkout_logo_position":"left","checkout_logo_size":"small","checkout_body_background_image":"","checkout_body_background_color":"#ffffff","checkout_input_background_color_mode":"white","checkout_sidebar_background_image":"","checkout_sidebar_background_color":"#fff4f6","checkout_heading_font":"Helvetica Neue","checkout_body_font":"Roboto","checkout_accent_color":"#7737BD","checkout_button_color":"#7737BD","checkout_error_color":"#f01130","checkout_banner_background_color":"#fff","checkout_call_to_action_color":"#a26b25","checkout_use_header_image":false,"collection_products_grid":"collage","customer_layout":"customer_area","favicon_enable":false,"product_vendor_enable":false,"social_sharing_style":"clean","sections":{"slideshow":{"type":"slideshow","blocks":{"1495823280244":{"type":"slide","settings":{"slide_text_color":"#ffffff","slide_button_label_color":"#003B34","slide_button_background_color":"#84D1B2"}}},"block_order":["1495823280244"],"settings":{"hero_home_auto":false,"home_hero_auto_speed":5}},"featured-products":{"type":"featured-products","settings":{"home_featured_products":"frontpage","collection_products_grid":"collage"}},"newsletter":{"type":"newsletter","settings":{}},"header":{"type":"header","settings":{"logo_max_width":260,"search":"modal","main_menu_link_list":"main-menu","show_announcement":false,"color_bg":"#290c49","color_text":"#ffffff"}},"footer":{"type":"footer","settings":{"footer_link_list":"footer"}},"collection-template":{"type":"collection-template","settings":{"collection_tags_enable":false,"collection_products_grid":"grid","product_vendor_enable":false}},"1494860348200":{"type":"featured-row","settings":{"layout":"right"}},"1494894035034":{"type":"featured-row","settings":{"layout":"left"}},"product-template":{"type":"product-template","settings":{"product_vendor_enable":false,"social_sharing_products":true,"enable_image_zoom":false,"enable_video_looping":false}},"1496078102297":{"type":"advanced-content","blocks":{"1496078102297-0":{"type":"html","settings":{"code":"<div style=\"text-align:center;\">\n<h1 class=\"h1\">Use HTML to format your text so it can be easily read.<\/h1>This text can be used to share information about your brand with customers.<\/div>","width":"100%","alignment":"top-middle"}}},"block_order":["1496078102297-0"],"settings":{}},"1496177901425":{"type":"advanced-content","blocks":{"1496177901425-0":{"type":"html","settings":{"code":"<div style=\"width:745px;text-align: center; margin: 0 auto;\">This text can be used to share information about your brand with customers.<\/div>","width":"100%","alignment":"top-middle"}}},"block_order":["1496177901425-0"],"settings":{}}},"content_for_index":["slideshow","1496177901425","featured-products","newsletter","1496078102297","1494860348200","1494894035034"]}}}